company_name,phone,address,rating,review,website,google_maps_link
Zonnepanelen Amsterdam,,"
Weerdestein 97, 1083 GC Amsterdam, Pays-Bas",,,https://zonnepanelenamsterdam.net/,https://www.google.com/maps/place/Zonnepanelen+Amsterdam/data=!4m7!3m6!1s0x47c60b9a09da77af:0x7ed4603c99e6ff0a!8m2!3d52.3309782!4d4.8888622!16s%2Fg%2F11y7qhl4kp!19sChIJr3faCZoLxkcRCv_mmTxg1H4?authuser=0&hl=fr&rclk=1
Triple Solar B.V.,"
+31 20 435 7555","
Programmeurstraat 6b, 1033 MT Amsterdam, Pays-Bas","4,2",20.0,http://www.triplesolar.eu/,https://www.google.com/maps/place/Triple+Solar+B.V./data=!4m7!3m6!1s0x47c6083623f30251:0x699c950982ed748d!8m2!3d52.411827!4d4.8783746!16s%2Fg%2F11b60sfb4v!19sChIJUQLzIzYIxkcRjXTtggmVnGk?authuser=0&hl=fr&rclk=1
Power Solar Energy Electronic B.V.,"
+31 20 561 6047","
Joop Geesinkweg 901, Duivendrecht, 1114 AB Amsterdam, Pays-Bas","4,7",15.0,http://www.powersolarenergy.nl/,https://www.google.com/maps/place/Power+Solar+Energy+Electronic+B.V./data=!4m7!3m6!1s0x47c60b9989f84d35:0xb962fa0260fdaa25!8m2!3d52.3352446!4d4.9348926!16s%2Fg%2F11p0gk8pbg!19sChIJNU34iZkLxkcRJar9YAL6Yrk?authuser=0&hl=fr&rclk=1
Generation Zero,"
+31 20 308 6655","
Kon. Wilhelminaplein 1, 1062 HK Amsterdam, Pays-Bas","5,0",4.0,https://gen-zero.nl/,https://www.google.com/maps/place/Generation+Zero/data=!4m7!3m6!1s0x93aa2fbb7c3ecdb:0x42595b7612d22d86!8m2!3d52.3556567!4d4.8410008!16s%2Fg%2F11x0sv7872!19sChIJ2-zDt_uiOgkRhi3SEnZbWUI?authuser=0&hl=fr&rclk=1
Greenfocus,"
+31 20 448 1400","
Dukdalfweg 12, 1041 BD Amsterdam, Pays-Bas","4,4",88.0,http://www.greenfocus.nl/,https://www.google.com/maps/place/Greenfocus/data=!4m7!3m6!1s0x47c5e289802ed46d:0xa58cf0422d9b5aa5!8m2!3d52.4166336!4d4.8256485!16s%2Fg%2F1th22_70!19sChIJbdQugInixUcRpVqbLULwjKU?authuser=0&hl=fr&rclk=1
Zonnefabriek BV,"
+31 20 676 6614","
Daniël Goedkoopstraat 23, 1096 BD Amsterdam, Pays-Bas","4,4",114.0,https://www.zonnefabriek.nl/,https://www.google.com/maps/place/Zonnefabriek+BV/data=!4m7!3m6!1s0x47c60991b9f35f49:0x1b4826a02ec1306e!8m2!3d52.3359855!4d4.9216333!16s%2Fg%2F1tt8bgb3!19sChIJSV_zuZEJxkcRbjDBLqAmSBs?authuser=0&hl=fr&rclk=1
SunCharged | Thuisbatterij,"
+31 6 30469007","
Nieuwezijds Voorburgwal 104-108, 1012 SG Amsterdam, Pays-Bas","5,0",18.0,https://www.suncharged.nl/,https://www.google.com/maps/place/SunCharged+%7C+Thuisbatterij/data=!4m7!3m6!1s0x81e084f91c69567:0x465cc8589084bf41!8m2!3d52.3755482!4d4.8921491!16s%2Fg%2F11l6_y8vpy!19sChIJZ5XGkU8IHggRQb-EkFjIXEY?authuser=0&hl=fr&rclk=1
DLE.Energy,"
+31 85 004 7944","
Overschiestraat 65, 1062 XD Amsterdam, Pays-Bas","4,0",46.0,http://dle.energy/,https://www.google.com/maps/place/DLE.Energy/data=!4m7!3m6!1s0x47c5b740f1222f89:0x4a23e026b62c1762!8m2!3d52.3438723!4d4.8398745!16s%2Fg%2F11qntkzw36!19sChIJiS8i8UC3xUcRYhcstibgI0o?authuser=0&hl=fr&rclk=1
Voltera,"
+31 85 047 4947","
Keurenplein 4, 1069 CD Amsterdam, Pays-Bas","4,3",17.0,https://www.voltera.nl/,https://www.google.com/maps/place/Voltera/data=!4m7!3m6!1s0xa54d01d89752daf3:0x39c552e3a50b0359!8m2!3d52.3609271!4d4.7840138!16s%2Fg%2F11yg1pq4nh!19sChIJ89pSl9gBTaURWQMLpeNSxTk?authuser=0&hl=fr&rclk=1
Solar Sedum,"
+31 20 308 0622","
H.J.E. Wenckebachweg 48, 1A, 1096 AN Amsterdam, Pays-Bas","4,8",48.0,http://www.solarsedum.nl/,https://www.google.com/maps/place/Solar+Sedum/data=!4m7!3m6!1s0x47c60bcd4e879091:0x464b1ebdb0a864a0!8m2!3d52.3369861!4d4.9253033!16s%2Fg%2F11b5pj72mp!19sChIJkZCHTs0LxkcRoGSosL0eS0Y?authuser=0&hl=fr&rclk=1
VerduurzaamNu,"
+31 20 238 9292","
Zekeringstraat 48, 1014 BT Amsterdam, Pays-Bas","4,9",67.0,https://www.verduurzaamnu.nl/,https://www.google.com/maps/place/VerduurzaamNu/data=!4m7!3m6!1s0xac755395d249ff23:0xe364109465a4c836!8m2!3d52.3971387!4d4.8475687!16s%2Fg%2F11y80vhwr7!19sChIJI_9J0pVTdawRNsikZZQQZOM?authuser=0&hl=fr&rclk=1
Sungevity Nederland,"
+31 20 309 0901","
Gedempt Hamerkanaal 209, 1021 KP Amsterdam, Pays-Bas","2,3",230.0,,https://www.google.com/maps/place/Sungevity+Nederland/data=!4m7!3m6!1s0x47c60eca78d787a9:0x630a399ca059c5ef!8m2!3d52.382632!4d4.920398!16s%2Fg%2F11c30p0v5f!19sChIJqYfXeMoOxkcR78VZoJw5CmM?authuser=0&hl=fr&rclk=1
Solar Nederland B.V.,"
+31 88 765 2777","
Dynamostraat 5, 1014 BN Amsterdam, Pays-Bas","5,0",2.0,http://www.solar.nl/,https://www.google.com/maps/place/Solar+Nederland+B.V./data=!4m7!3m6!1s0x47c5e28cc6d26575:0xe556b89de6e834fd!8m2!3d52.3974092!4d4.8509138!16s%2Fg%2F1thcrjl9!19sChIJdWXSxozixUcR_TTo5p24VuU?authuser=0&hl=fr&rclk=1
Green Wave,"
+31 20 227 9665","
Haarlemmerweg 319D, 1051 LG Amsterdam, Pays-Bas","4,9",47.0,http://www.green-wave.nl/,https://www.google.com/maps/place/Green+Wave/data=!4m7!3m6!1s0x47c5e3f682320df7:0xc22df9782ef17!8m2!3d52.3851203!4d4.866412!16s%2Fg%2F11q8gzh7w9!19sChIJ9w0ygvbjxUcRF--Cl98iDAA?authuser=0&hl=fr&rclk=1
Zon&Co,"
+31 20 777 1781","
Molenkade 59, 1115 AC Duivendrecht, Pays-Bas","4,7",77.0,http://www.zonenco.nl/,https://www.google.com/maps/place/Zon%26Co/data=!4m7!3m6!1s0x47c6096fbbb3bfcd:0x85b85496ca74d97b!8m2!3d52.3377692!4d4.9499275!16s%2Fg%2F1td6rfb_!19sChIJzb-zu28JxkcRe9l0ypZUuIU?authuser=0&hl=fr&rclk=1
Clevaris,"
+31 85 505 5452","
Hullenbergweg 278, 1101 BV Amsterdam, Pays-Bas","5,0",14.0,https://www.clevaris.nl/,https://www.google.com/maps/place/Clevaris/data=!4m7!3m6!1s0x28c6f54471861699:0x3350a2b167bd22b7!8m2!3d52.3050966!4d4.9517278!16s%2Fg%2F11x7md7ppy!19sChIJmRaGcUT1xigRtyK9Z7GiUDM?authuser=0&hl=fr&rclk=1
Solar Meesters,"
+31 6 82225136","
Helena Mercierstraat 3H, 1066 AJ Amsterdam, Pays-Bas","5,0",6.0,https://www.solarmeesters.nl/,https://www.google.com/maps/place/Solar+Meesters/data=!4m7!3m6!1s0x41d17a5fc51d4843:0xcf0b4d0c96f9c38c!8m2!3d52.3484151!4d4.8285948!16s%2Fg%2F11vbgm2s9s!19sChIJQ0gdxV960UERjMP5lgxNC88?authuser=0&hl=fr&rclk=1
Solar Evolution,"
+31 35 785 7761","
Vliegdenweg 8, 1406 MZ Bussum, Pays-Bas","4,8",67.0,http://www.solarevolution.nl/,https://www.google.com/maps/place/Solar+Evolution/data=!4m7!3m6!1s0x47c613bb50fe5fbf:0x5723e9a878ca8c08!8m2!3d52.2695925!4d5.154687!16s%2Fg%2F11hzrsm1vq!19sChIJv1_-ULsTxkcRCIzKeKjpI1c?authuser=0&hl=fr&rclk=1
SunWatt B.V.,"
+31 20 308 6367","
Afmijnstraat 15, 1187 ZZ Amstelveen, Pays-Bas","4,9",58.0,https://www.sun-watt.nl/,https://www.google.com/maps/place/SunWatt+B.V./data=!4m7!3m6!1s0x47c60382c9d8fc47:0x8a833c9c98ff8f5b!8m2!3d52.262223!4d4.799516!16s%2Fg%2F11lp5_nvmm!19sChIJR_zYyYIDxkcRW4__mJw8g4o?authuser=0&hl=fr&rclk=1
The Go To Guy(s),"
+31 6 13190046","
Wolbrantskerkweg 80b, 1069 DA Amsterdam, Pays-Bas","4,6",10.0,http://www.thegotoguys.nl/,https://www.google.com/maps/place/The+Go+To+Guy%28s%29/data=!4m7!3m6!1s0x2ecec3d51ae62201:0xd17200f18de0f141!8m2!3d52.3558693!4d4.7977306!16s%2Fg%2F11ttb9q_qr!19sChIJASLmGtXDzi4RQfHgjfEActE?authuser=0&hl=fr&rclk=1
Zonkracht Nederland BV,"
+31 6 12345678","
Pampuslaan 204, 1382 JS Weesp, Pays-Bas","4,8",87.0,https://www.zonkrachtnederland.nl/,https://www.google.com/maps/place/Zonkracht+Nederland+BV/data=!4m7!3m6!1s0x47c60d5ad6b5cbdf:0x70014672d1ae680a!8m2!3d52.3180439!4d5.0254774!16s%2Fg%2F11s47ngbk4!19sChIJ38u11loNxkcRCmiu0XJGAXA?authuser=0&hl=fr&rclk=1
Solar Fast,"
+31 20 250 4670","
Keurmeesterstraat 10, 1187 ZX Amstelveen, Pays-Bas","4,7",87.0,http://www.solarfast.nl/,https://www.google.com/maps/place/Solar+Fast/data=!4m7!3m6!1s0xa90ede0aa0a5bbcf:0x75d6313c860680f7!8m2!3d52.261978!4d4.802062!16s%2Fg%2F11k4rqsfz7!19sChIJz7uloAreDqkR94AGhjwx1nU?authuser=0&hl=fr&rclk=1
Eneco Duurzaam Wonen (voorheen Suniverse),,"
Joan Muyskenweg 22, 1096 CJ Amsterdam, Pays-Bas","3,5",41.0,,https://www.google.com/maps/place/Eneco+Duurzaam+Wonen+%28voorheen+Suniverse%29/data=!4m7!3m6!1s0x47c609e9b340488d:0xc349956e5d366aaf!8m2!3d52.3327517!4d4.9151766!16s%2Fg%2F1tjhww6s!19sChIJjUhAs-kJxkcRr2o2XW6VScM?authuser=0&hl=fr&rclk=1
Feenstra Amsterdam,"
+31 88 845 5000","
Schepenbergweg 29, 1105 AS Amsterdam, Pays-Bas","3,2",754.0,https://www.feenstra.com/klantenservice/vestiging/amsterdam/,https://www.google.com/maps/place/Feenstra+Amsterdam/data=!4m7!3m6!1s0x47c60b70d5208669:0xb6a18a11a58b9b11!8m2!3d52.2952759!4d4.9451912!16s%2Fg%2F11b7hl7jd0!19sChIJaYYg1XALxkcREZuLpRGKobY?authuser=0&hl=fr&rclk=1
Nu Groen,"
+31 85 087 2345","
Zekeringstraat 43, 1014 BV Amsterdam, Pays-Bas","5,0",2.0,,https://www.google.com/maps/place/Nu+Groen/data=!4m7!3m6!1s0x47c5e3f3e86f4937:0x821dc98869611d66!8m2!3d52.3957771!4d4.8494909!16s%2Fg%2F11s88y3wc_!19sChIJN0lv6PPjxUcRZh1haYjJHYI?authuser=0&hl=fr&rclk=1
Your Solar,"
+31 20 700 8838",,"5,0",12.0,http://www.yoursolar.nl/,https://www.google.com/maps/place/Your+Solar/data=!4m7!3m6!1s0x8791aff0a1938e19:0x799f722985a112b1!8m2!3d52.1909763!4d5.2795551!16s%2Fg%2F11sf34hfp_!19sChIJGY6TofCvkYcRsRKhhSlyn3k?authuser=0&hl=fr&rclk=1
De Zoncorporatie,"
+31 88 311 0333","
Johan van Hasseltweg 27, 1021 KN Amsterdam, Pays-Bas","4,0",95.0,https://www.norm.eu/,https://www.google.com/maps/place/De+Zoncorporatie/data=!4m7!3m6!1s0x47c609b3dcea040f:0xdbb34c60b9c67f08!8m2!3d52.3850335!4d4.9292979!16s%2Fg%2F11gzqmdkwg!19sChIJDwTq3LMJxkcRCH_GuWBMs9s?authuser=0&hl=fr&rclk=1
Powergy Elektrotechniek,"
+31 20 308 6152","
Weissmanstraat 13, 1067 RB Amsterdam, Pays-Bas","5,0",27.0,http://powergy-elektro.nl/,https://www.google.com/maps/place/Powergy+Elektrotechniek/data=!4m7!3m6!1s0x47c5e3d25979946f:0xaf4a1d715cef0ef9!8m2!3d52.3754438!4d4.7962853!16s%2Fg%2F11rcdhhstt!19sChIJb5R5WdLjxUcR-Q7vXHEdSq8?authuser=0&hl=fr&rclk=1
Energie Familie,"
+31 20 840 6745","
Leksmondhof 120, 1108 ES Amsterdam, Pays-Bas","5,0",2.0,,https://www.google.com/maps/place/Energie+Familie/data=!4m7!3m6!1s0x47c60c6f5ca8c06f:0xac53cf1a240b8074!8m2!3d52.3103107!4d4.9828475!16s%2Fg%2F11fn1m61h8!19sChIJb8CoXG8MxkcRdIALJBrPU6w?authuser=0&hl=fr&rclk=1
Zon-X,"
+31 20 308 6588","
Kabelweg 22, 1014 AX Amsterdam, Pays-Bas","5,0",8.0,https://www.zonx.nl/,https://www.google.com/maps/place/Zon-X/data=!4m7!3m6!1s0x47c5e3581edf8315:0x84b928d93a8c6295!8m2!3d52.3896521!4d4.8479791!16s%2Fg%2F11y3ylb_3x!19sChIJFYPfHljjxUcRlWKMOtkouYQ?authuser=0&hl=fr&rclk=1
Electra,"
+31 6 34210938","
Stromarkt 15, 1012 SW Amsterdam, Pays-Bas","4,9",32.0,,https://www.google.com/maps/place/Electra/data=!4m7!3m6!1s0x47c6097b0ebbaba1:0xb59995dafffa755a!8m2!3d52.3785286!4d4.894517!16s%2Fg%2F11x88k8g7m!19sChIJoau7DnsJxkcRWnX6_9qVmbU?authuser=0&hl=fr&rclk=1
Energie In Huis,"
+31 88 244 0800","
Joan Muyskenweg 22, 1096 CJ Amsterdam, Pays-Bas","3,7",55.0,https://www.energieinhuis.nl/,https://www.google.com/maps/place/Energie+In+Huis/data=!4m7!3m6!1s0x47c4292622284849:0xe3768a94649596d!8m2!3d52.3327517!4d4.9151766!16s%2Fg%2F1v_nbpgr!19sChIJSUgoIiYpxEcRbVlJRqloNw4?authuser=0&hl=fr&rclk=1
Factor 50 B.V.,"
+31 20 308 6969","
Aambeeldstraat 32, 1021 KB Amsterdam, Pays-Bas","5,0",4.0,https://factor50.nl/,https://www.google.com/maps/place/Factor+50+B.V./data=!4m7!3m6!1s0x47c60906f4f5a277:0xaa105c49e7986597!8m2!3d52.3835893!4d4.9307813!16s%2Fg%2F11mwzlc_d_!19sChIJd6L19AYJxkcRl2WY50lcEKo?authuser=0&hl=fr&rclk=1
Bricknest,,"
Leo Smitstraat 11, B, 1082 MP Amsterdam, Pays-Bas","5,0",19.0,,https://www.google.com/maps/place/Bricknest/data=!4m7!3m6!1s0x489c673fee15964d:0x76d3e64fbf043589!8m2!3d52.336094!4d4.875178!16s%2Fg%2F11vf40_69t!19sChIJTZYV7j9nnEgRiTUEv0_m03Y?authuser=0&hl=fr&rclk=1
Kondor Wessels Amsterdam BV,,"
Anderlechtlaan 179, 1066 HM Amsterdam, Pays-Bas","4,3",24.0,http://www.kondorwessels-amsterdam.nl/,https://www.google.com/maps/place/Kondor+Wessels+Amsterdam+BV/data=!4m7!3m6!1s0x47c5e254f8aa4c6f:0x660d81cea4c19e5e!8m2!3d52.3431585!4d4.8121473!16s%2Fg%2F11b6dqb9bz!19sChIJb0yq-FTixUcRXp7BpM6BDWY?authuser=0&hl=fr&rclk=1
Breit Projects,,"
Keizersgracht 520, 1017 EJ Amsterdam, Pays-Bas","4,9",60.0,https://www.breitprojects.nl/,https://www.google.com/maps/place/Breit+Projects/data=!4m7!3m6!1s0x47c609d14c9c7d19:0xa219bda9b07598eb!8m2!3d52.3655975!4d4.8865371!16s%2Fg%2F11y423452r!19sChIJGX2cTNEJxkcR65h1sKm9GaI?authuser=0&hl=fr&rclk=1
Urban Constructions,,"
Oderweg 4, 1043 AG Amsterdam, Pays-Bas","4,5",15.0,,https://www.google.com/maps/place/Urban+Constructions/data=!4m7!3m6!1s0x47c5e362b422a425:0x9380e8c03a0398ee!8m2!3d52.3908062!4d4.8204334!16s%2Fg%2F11p15pg0kd!19sChIJJaQitGLjxUcR7pgDOsDogJM?authuser=0&hl=fr&rclk=1
Avenue Construction,,"
Weesperstraat 98-a, Diemen, 1112 AP Amsterdam, Pays-Bas","4,2",28.0,http://www.avenueconstruction.nl/,https://www.google.com/maps/place/Avenue+Construction/data=!4m7!3m6!1s0x47c609027dd9c13b:0x1c2f0b86ab3241a6!8m2!3d52.3342842!4d4.9696944!16s%2Fg%2F11qqphbwz_!19sChIJO8HZfQIJxkcRpkEyq4YLLxw?authuser=0&hl=fr&rclk=1
Aannemingsbedrijf HR Construction,,"
Witbolstraat 15, 1032 LC Amsterdam, Pays-Bas","4,7",34.0,http://www.hr-construction.nl/,https://www.google.com/maps/place/Aannemingsbedrijf+HR+Construction/data=!4m7!3m6!1s0x47c6084ee2969d05:0xc196b9b3f74eefc7!8m2!3d52.3948592!4d4.9081105!16s%2Fg%2F11b6sxcdcl!19sChIJBZ2W4k4IxkcRx-9O97O5lsE?authuser=0&hl=fr&rclk=1
Philip's Construction Company B.V.,,"
Wethouder Ed. Polakstraat 56, 1107 CW Amsterdam, Pays-Bas","5,0",6.0,https://pccbouw.nl/,https://www.google.com/maps/place/Philip%27s+Construction+Company+B.V./data=!4m7!3m6!1s0x3dbda20c39185b5:0xd56429ea5d098cd7!8m2!3d52.293115!4d4.989195!16s%2Fg%2F11ylfglk_x!19sChIJtYWRwyDa2wMR14wJXeopZNU?authuser=0&hl=fr&rclk=1
Rcm bouw,,"
Palmstraat 78, 3, 1015 HT Amsterdam, Pays-Bas","4,9",98.0,http://www.rcmbouw.nl/,https://www.google.com/maps/place/Rcm+bouw/data=!4m7!3m6!1s0x47c609ed4177e8d5:0x4d60d100df7dc930!8m2!3d52.3815423!4d4.8826829!16s%2Fg%2F11k_njd2_p!19sChIJ1eh3Qe0JxkcRMMl93wDRYE0?authuser=0&hl=fr&rclk=1
Pkpbouw,,"
Blasiusstraat, 1091 CW Amsterdam, Pays-Bas","5,0",12.0,https://www.pkpbouw.nl/,https://www.google.com/maps/place/Pkpbouw/data=!4m7!3m6!1s0x654f6f4abb09dc5f:0x17722a2d76b866db!8m2!3d52.356706!4d4.9100007!16s%2Fg%2F11scpvjzxj!19sChIJX9wJu0pvT2UR22a4di0qchc?authuser=0&hl=fr&rclk=1
Hates Bouwbedrijf,,"
Tweede Kostverlorenkade 43D, 1053 TP Amsterdam, Pays-Bas","4,8",41.0,https://www.hatesbouwbedrijf.nl/,https://www.google.com/maps/place/Hates+Bouwbedrijf/data=!4m7!3m6!1s0x4671d31cf193124d:0x668e3724d767f4bc!8m2!3d52.3678506!4d4.8633992!16s%2Fg%2F11pzky8ymt!19sChIJTRKT8RzTcUYRvPRn1yQ3jmY?authuser=0&hl=fr&rclk=1
DPR Construction,,"
Delflandlaan 4, 1062 EB Amsterdam, Pays-Bas","4,4",7.0,https://www.dpr.com/company/locations/amsterdam-netherlands,https://www.google.com/maps/place/DPR+Construction/data=!4m7!3m6!1s0x47c60997eae371cb:0xb09c6f94586234a4!8m2!3d52.3570569!4d4.8396043!16s%2Fg%2F11lgy3p_3l!19sChIJy3Hj6pcJxkcRpDRiWJRvnLA?authuser=0&hl=fr&rclk=1
Nanterre Bouw BV,,"
Overschiestraat 63, 1065 XD Amsterdam, Pays-Bas","3,8",17.0,https://nanterre.nl/,https://www.google.com/maps/place/Nanterre+Bouw+BV/data=!4m7!3m6!1s0x47c8a917704f3d13:0x4c3461a83e8dd2fc!8m2!3d52.3444646!4d4.8398431!16s%2Fg%2F11b7jy1ldm!19sChIJEz1PcBepyEcR_NKNPqhhNEw?authuser=0&hl=fr&rclk=1
AtotZ Construction Renovation,,"
Kees van Dongenpad, 1112 WZ Diemen, Pays-Bas","5,0",64.0,https://atotzcr.nl/,https://www.google.com/maps/place/AtotZ+Construction+Renovation/data=!4m7!3m6!1s0x47c60bbf0e2415c5:0x11c66aa6ec7d5fbc!8m2!3d52.3302564!4d4.9583269!16s%2Fg%2F11pkhr9kxp!19sChIJxRUkDr8LxkcRvF997KZqxhE?authuser=0&hl=fr&rclk=1
Richel Bouw & Onderhoud,,"
Vlietstraat 150, 1075 VE Amsterdam, Pays-Bas","5,0",34.0,http://www.richelonderhoud.com/,https://www.google.com/maps/place/Richel+Bouw+%26+Onderhoud/data=!4m7!3m6!1s0x47c609fdc8538acb:0xd4cfdad0fd4ac777!8m2!3d52.3491801!4d4.8525908!16s%2Fg%2F11k0pw0s80!19sChIJy4pTyP0JxkcRd8dK_dDaz9Q?authuser=0&hl=fr&rclk=1
Switch For Future Today,,"
Keizersgracht 202, 1016 DH Amsterdam, Pays-Bas","5,0",14.0,https://www.sfftoday.com/,https://www.google.com/maps/place/Switch+For+Future+Today/data=!4m7!3m6!1s0x47c609c9d0cfc7d3:0x27a75243e6aa9dc5!8m2!3d52.3737692!4d4.884519!16s%2Fg%2F11j62n82sb!19sChIJ08fP0MkJxkcRxZ2q5kNSpyc?authuser=0&hl=fr&rclk=1
Van Mier Bouw,,"
Tweede van Swindenstraat 13C, 1093 VE Amsterdam, Pays-Bas","5,0",38.0,https://www.vanmierbouw.nl/,https://www.google.com/maps/place/Van+Mier+Bouw/data=!4m7!3m6!1s0x47c60a28fab974e5:0x1856591b987b2877!8m2!3d52.3617363!4d4.9253804!16s%2Fg%2F11fsmvwp0m!19sChIJ5XS5-igKxkcRdyh7mBtZVhg?authuser=0&hl=fr&rclk=1
LucKey Construction B.V.,,"
Pieter Jelles Troelstralaan 22, 1505 WG Zaandam, Pays-Bas","4,8",83.0,https://luckey-construction.com/,https://www.google.com/maps/place/LucKey+Construction+B.V./data=!4m7!3m6!1s0x4b69376d0009bad1:0x2564907323dad522!8m2!3d52.4314815!4d4.8423628!16s%2Fg%2F11s2nstwpy!19sChIJ0boJAG03aUsRItXaI3OQZCU?authuser=0&hl=fr&rclk=1
The Set Company B.V.,,"
Binairstraat 7, 1033 MN Amsterdam, Pays-Bas","4,6",27.0,http://www.thesetcompany.nl/,https://www.google.com/maps/place/The+Set+Company+B.V./data=!4m7!3m6!1s0x47c60818a80688fb:0xc735e3f592890f4a!8m2!3d52.4099358!4d4.8828415!16s%2Fg%2F1tdf0k1m!19sChIJ-4gGqBgIxkcRSg-JkvXjNcc?authuser=0&hl=fr&rclk=1
"PRIVATEHOUSE BOUW - renovatie, afwerking en bouw",,,"5,0",3.0,,"https://www.google.com/maps/place/PRIVATEHOUSE+BOUW+-+renovatie,+afwerking+en+bouw/data=!4m7!3m6!1s0x47c5e32f28b88c19:0xf0e9a2a1265b3d44!8m2!3d52.3696741!4d4.8919678!16s%2Fg%2F11hl_s39wf!19sChIJGYy4KC_jxUcRRD1bJqGi6fA?authuser=0&hl=fr&rclk=1"
Premium gevelrenovatie,,"
Keizersgracht, 1017 EK Amsterdam, Pays-Bas","4,9",18.0,https://premiumgevelrenovatie.nl/,https://www.google.com/maps/place/Premium+gevelrenovatie/data=!4m7!3m6!1s0x47c60957cd22caaf:0xe7ad2726b77f884c!8m2!3d52.3653996!4d4.8868754!16s%2Fg%2F11wn4j5l09!19sChIJr8oizVcJxkcRTIh_tyYnrec?authuser=0&hl=fr&rclk=1
Fixforce amsterdam,,"
Van Reigersbergenstraat 25h, 1052 SM Amsterdam, Pays-Bas","5,0",3.0,https://fixforceamsterdam.nl/,https://www.google.com/maps/place/Fixforce+amsterdam/data=!4m7!3m6!1s0x47c60906868fa3af:0x94a7ca58577dfc7f!8m2!3d52.3743851!4d4.8710818!16s%2Fg%2F11mzcltxxn!19sChIJr6OPhgYJxkcRf_x9V1jKp5Q?authuser=0&hl=fr&rclk=1
Dura Vermeer,,"
Hertogswetering 157, 3543 AS Utrecht, Pays-Bas","4,6",27.0,,https://www.google.com/maps/place/Dura+Vermeer/data=!4m7!3m6!1s0x47c6671df34e7973:0x17060eeacb860c61!8m2!3d52.1031623!4d5.0605753!16s%2Fg%2F1td6fpqf!19sChIJc3lO8x1nxkcRYQyGy-oOBhc?authuser=0&hl=fr&rclk=1
Stamhuis Groep BV,,"
Otto Hahnweg 20, 3542 AX Utrecht, Pays-Bas","4,7",20.0,http://www.stamhuis.nl/,https://www.google.com/maps/place/Stamhuis+Groep+BV/data=!4m7!3m6!1s0x47c66fcedbbdde0f:0x182105355092fddd!8m2!3d52.1174581!4d5.0550108!16s%2Fg%2F1tdgtlzs!19sChIJD969285vxkcR3f2SUDUFIRg?authuser=0&hl=fr&rclk=1
Strukton,,"
Westkanaaldijk 2, 3542 DA Utrecht, Pays-Bas","4,2",167.0,https://strukton.com/,https://www.google.com/maps/place/Strukton/data=!4m7!3m6!1s0x47c66e332ea729b9:0x79e25cee55111942!8m2!3d52.1264319!4d5.0523288!16s%2Fg%2F1td0s2fj!19sChIJuSmnLjNuxkcRQhkRVe5c4nk?authuser=0&hl=fr&rclk=1
Josons Construction Limited,,"
Fermiweg 67, 3542 CB Utrecht, Pays-Bas","5,0",1.0,https://josonsconstructioncoltd.com/,https://www.google.com/maps/place/Josons+Construction+Limited/data=!4m7!3m6!1s0x47c66f004f461a39:0xd5b97736f5c7eca0!8m2!3d52.1188065!4d5.049631!16s%2Fg%2F11x7ctxmtg!19sChIJORpGTwBvxkcRoOzH9TZ3udU?authuser=0&hl=fr&rclk=1
Trustan Bouw Management BV,,"
Sterrebaan 14, 3542 DK Utrecht, Pays-Bas","3,5",16.0,http://www.trustanbouw.nl/,https://www.google.com/maps/place/Trustan+Bouw+Management+BV/data=!4m7!3m6!1s0x47c66f0a46dbc8fb:0x242bc22c736d4799!8m2!3d52.1214387!4d5.0434352!16s%2Fg%2F11rz4rq75c!19sChIJ-8jbRgpvxkcRmUdtcyzCKyQ?authuser=0&hl=fr&rclk=1
Utrecht Kantoor,,"
Techniekweg, 3542 AR Utrecht, Pays-Bas","5,0",1.0,http://jurriens.nl/,https://www.google.com/maps/place/Utrecht+Kantoor/data=!4m7!3m6!1s0x47c66fba99c0983b:0x652d45dc3debbed4!8m2!3d52.1136958!4d5.0724754!16s%2Fg%2F11cp7kjxyh!19sChIJO5jAmbpvxkcR1L7rPdxFLWU?authuser=0&hl=fr&rclk=1
Ballast Nedam,,"
Euclideslaan 201, 3584 BS Utrecht, Pays-Bas","4,4",68.0,http://www.ballast-nedam.nl/,https://www.google.com/maps/place/Ballast+Nedam/data=!4m7!3m6!1s0x47c665c3c2824bb3:0x22ef8059339efe13!8m2!3d52.0904374!4d5.1513991!16s%2Fg%2F1tf27wx9!19sChIJs0uCwsNlxkcRE_6eM1mA7yI?authuser=0&hl=fr&rclk=1
Frank Wouterse | bouwen • renoveren • restaureren,,,"4,8",10.0,http://www.frankwouterse.nl/,https://www.google.com/maps/place/Frank+Wouterse+%7C+bouwen+%E2%80%A2+renoveren+%E2%80%A2+restaureren/data=!4m7!3m6!1s0x47c665f79abd87e7:0xb43abd88b9f72aad!8m2!3d52.0775805!4d5.1187104!16s%2Fg%2F1tmpjqvn!19sChIJ54e9mvdlxkcRrSr3uYi9OrQ?authuser=0&hl=fr&rclk=1
Staalbouw Utrecht,,"
Australiëlaan 34, 3526 AB Utrecht, Pays-Bas","5,0",2.0,http://www.staalbouwutrecht.nl/,https://www.google.com/maps/place/Staalbouw+Utrecht/data=!4m7!3m6!1s0x47c665948b289053:0x99cf998349a3487a!8m2!3d52.0635946!4d5.1016508!16s%2Fg%2F1tdd91f9!19sChIJU5Aoi5RlxkcRekijSYOZz5k?authuser=0&hl=fr&rclk=1
SCBC GROUP,,"
Goeman Borgesiuslaan 77, 3515 ET Utrecht, Pays-Bas","5,0",1.0,http://www.scbcgroup.nl/,https://www.google.com/maps/place/SCBC+GROUP/data=!4m7!3m6!1s0x47c66f48fc7d6f3d:0x8c304f46aa077d0b!8m2!3d52.1031179!4d5.1141316!16s%2Fg%2F11lqlyl90v!19sChIJPW99_EhvxkcRC30HqkZPMIw?authuser=0&hl=fr&rclk=1
Van Miltenburg Bouw & Onderhoud - Utrecht,,,"3,9",8.0,http://www.vanmiltenburg.nl/,https://www.google.com/maps/place/Van+Miltenburg+Bouw+%26+Onderhoud+-+Utrecht/data=!4m7!3m6!1s0x47c66f1553120733:0x639cf10bcacbee0e!8m2!3d52.0731763!4d5.0545171!16s%2Fg%2F1tdwp97g!19sChIJMwcSUxVvxkcRDu7LygvxnGM?authuser=0&hl=fr&rclk=1
Mwtotaalbouw,,"
Van Limburg Brouwerstraat 24, 3532 TT Utrecht, Pays-Bas","5,0",2.0,,https://www.google.com/maps/place/Mwtotaalbouw/data=!4m7!3m6!1s0x47c66fe77ed86009:0xc4f8c0a98205d81d!8m2!3d52.0948394!4d5.1015718!16s%2Fg%2F11f7321zqz!19sChIJCWDYfudvxkcRHdgFgqnA-MQ?authuser=0&hl=fr&rclk=1
Van Wijnen Utrecht,,"
Savannahweg 19, 3542 AW Utrecht, Pays-Bas","3,8",12.0,https://www.vanwijnen.nl/locaties/utrecht/,https://www.google.com/maps/place/Van+Wijnen+Utrecht/data=!4m7!3m6!1s0x47c66e541e7a8f3f:0x7ab95bf79dad0a18!8m2!3d52.1165129!4d5.0415678!16s%2Fg%2F11b6_7zy4h!19sChIJP496HlRuxkcRGAqtnfdbuXo?authuser=0&hl=fr&rclk=1
BB Koedam BV,,"
Krommerijn 15, 3582 CR Utrecht, Pays-Bas","4,6",49.0,http://www.bbkoedam.nl/,https://www.google.com/maps/place/BB+Koedam+BV/data=!4m7!3m6!1s0x47c66f563c58e497:0xde3c69629871f53d!8m2!3d52.080823!4d5.1256901!16s%2Fg%2F11cn3v9bqy!19sChIJl-RYPFZvxkcRPfVxmGJpPN4?authuser=0&hl=fr&rclk=1
Bouwbedrijf van Zilver,,"
Atoomweg 514a, 3542 AB Utrecht, Pays-Bas","4,7",24.0,http://bouwbedrijfvanzilver.nl/,https://www.google.com/maps/place/Bouwbedrijf+van+Zilver/data=!4m7!3m6!1s0x47c66fc0e7aa1573:0x91140fd369c68b1d!8m2!3d52.1186218!4d5.043781!16s%2Fg%2F11qvjfx4c4!19sChIJcxWq58BvxkcRHYvGadMPFJE?authuser=0&hl=fr&rclk=1
Agterberg,,"
Biltsestraatweg 76, 3573 PS Utrecht, Pays-Bas","4,2",38.0,http://www.agterberg.com/,https://www.google.com/maps/place/Agterberg/data=!4m7!3m6!1s0x47c668b8f3e8617f:0x95450be6727b5aa6!8m2!3d52.0982635!4d5.1542788!16s%2Fg%2F11bx1zb7vr!19sChIJf2Ho87hoxkcRplp7cuYLRZU?authuser=0&hl=fr&rclk=1
BILT,,"
Hooghiemstraplein 70, 3514 AX Utrecht, Pays-Bas","4,0",1.0,,https://www.google.com/maps/place/BILT/data=!4m7!3m6!1s0x47c668ec814cefc1:0x831bcedd0632295c!8m2!3d52.098652!4d5.1249032!16s%2Fg%2F11csrg5f0g!19sChIJwe9MgexoxkcRXCkyBt3OG4M?authuser=0&hl=fr&rclk=1
ML Klusflex,,"
Zuiderzeestraat 17, 3522 JT Utrecht, Pays-Bas","5,0",15.0,http://mlklusflex.nl/,https://www.google.com/maps/place/ML+Klusflex/data=!4m7!3m6!1s0x47c6654afa01901b:0x15461f573b3132c9!8m2!3d52.0717358!4d5.112305!16s%2Fg%2F11rvh83rsr!19sChIJG5AB-kplxkcRyTIxO1cfRhU?authuser=0&hl=fr&rclk=1
Onderhoudbedrijf Utrecht B.V. OBU,,"
Vlampijpstraat 149, 3534 AR Utrecht, Pays-Bas","5,0",1.0,,https://www.google.com/maps/place/Onderhoudbedrijf+Utrecht+B.V.+OBU/data=!4m7!3m6!1s0x47c66f0aad3d2247:0x1023958be7b8ef02!8m2!3d52.1030292!4d5.0861322!16s%2Fg%2F11hby37fv3!19sChIJRyI9rQpvxkcRAu-454uVIxA?authuser=0&hl=fr&rclk=1
Van Leur Groep,,"
Nautilusweg 16, 3542 AV Utrecht, Pays-Bas","4,4",8.0,https://www.vanleurgroep.nl/home.html,https://www.google.com/maps/place/Van+Leur+Groep/data=!4m7!3m6!1s0x47c66fd0f5193951:0x15f3680b02945a3b!8m2!3d52.1167914!4d5.0448611!16s%2Fg%2F1tdqmw7c!19sChIJUTkZ9dBvxkcRO1qUAgto8xU?authuser=0&hl=fr&rclk=1
A-Bouw Utrecht,,"
Spieghelstraat 2, 3521 XN Utrecht, Pays-Bas","4,8",23.0,http://www.a-bouwutrecht.nl/,https://www.google.com/maps/place/A-Bouw+Utrecht/data=!4m7!3m6!1s0x47c665eb551df423:0x3a80aaf3b71b036f!8m2!3d52.079122!4d5.1158097!16s%2Fg%2F11kk4804yx!19sChIJI_QdVetlxkcRbwMbt_OqgDo?authuser=0&hl=fr&rclk=1
Heijmans Services Utrecht,,"
Papendorpseweg 77, 3528 BJ Utrecht, Pays-Bas","3,5",2.0,http://heijmans.nl/,https://www.google.com/maps/place/Heijmans+Services+Utrecht/data=!4m7!3m6!1s0x47c665c50748a9eb:0x108162e8ec839635!8m2!3d52.063477!4d5.0833905!16s%2Fg%2F11j2g0jz5x!19sChIJ66lIB8VlxkcRNZaD7OhigRA?authuser=0&hl=fr&rclk=1
MEET-Strukton Nieuwbouw RIVM,,"
Helsinkilaan 1, 3584 CB Utrecht, Pays-Bas","4,3",34.0,https://www.rivm.nl/over-het-rivm/verhuizing-rivm-2025,https://www.google.com/maps/place/MEET-Strukton+Nieuwbouw+RIVM/data=!4m7!3m6!1s0x47c6699c3bc155a9:0x3ea71bc7363d9fe6!8m2!3d52.083312!4d5.1655!16s%2Fg%2F11nxv5c325!19sChIJqVXBO5xpxkcR5p89Nscbpz4?authuser=0&hl=fr&rclk=1
Aannemersbedrijf Hobbs,,"
Fentener van Vlissingenkade 121, 3521 AA Utrecht, Pays-Bas","5,0",3.0,,https://www.google.com/maps/place/Aannemersbedrijf+Hobbs/data=!4m7!3m6!1s0x47c66f61ae343929:0x7dc26cc16dceea55!8m2!3d52.0829741!4d5.1042932!16s%2Fg%2F11cnb0mzcl!19sChIJKTk0rmFvxkcRVerObcFswn0?authuser=0&hl=fr&rclk=1
Bockweg Sterk Werk,,"
Bloesemstraat 25, 3581 XA Utrecht, Pays-Bas","5,0",1.0,,https://www.google.com/maps/place/Bockweg+Sterk+Werk/data=!4m7!3m6!1s0x47c66f52e4830a41:0xd227001911e9862e!8m2!3d52.0879744!4d5.1332387!16s%2Fg%2F11c2pn03gl!19sChIJQQqD5FJvxkcRLobpERkAJ9I?authuser=0&hl=fr&rclk=1
BVBA Roof Service Company,,,"4,9",50.0,,https://www.google.com/maps/place/BVBA+Roof+Service+Company/data=!4m7!3m6!1s0x47c3f6ff465e992b:0x962bd32afbb35bd3!8m2!3d51.220906!4d4.4117021!16s%2Fg%2F11flkcg52s!19sChIJK5leRv_2w0cR01uz-yrTK5Y?authuser=0&hl=fr&rclk=1
PLAT DAK WERKEN Roofit,"
+32 490 11 11 11","
Flor Alpaertsstraat 75, 2600 Antwerpen, Belgique","4,9",135.0,http://www.dakwerken.be/,https://www.google.com/maps/place/PLAT+DAK+WERKEN+Roofit/data=!4m7!3m6!1s0x47c3f400f469496d:0x38540cad0e19a5b6!8m2!3d51.1828019!4d4.4422507!16s%2Fg%2F12hq09479!19sChIJbUlp9AD0w0cRtqUZDq0MVDg?authuser=0&hl=fr&rclk=1
Kijzer,"
+32 3 808 46 46","
De Burburestraat 6-8, 2000 Antwerpen, Belgique","4,8",837.0,http://www.kijzer.be/,https://www.google.com/maps/place/Kijzer/data=!4m7!3m6!1s0x47c6a97481e2f5b7:0xe0ed95fca501f008!8m2!3d51.2092893!4d4.3912484!16s%2Fg%2F11bc70xvnh!19sChIJt_XigXSpxkcRCPABpfyV7eA?authuser=0&hl=fr&rclk=1
Matrix Dakwerken Antwerpen bv,"
+32 488 85 97 13","
Sint-Lambertusstraat 116, 2600 Antwerpen, Belgique","5,0",34.0,https://matrix-dakwerken-antwerpen.be/,https://www.google.com/maps/place/Matrix+Dakwerken+Antwerpen+bv/data=!4m7!3m6!1s0x47c3f7a230a17a09:0xa7ce45d0efa230d5!8m2!3d51.1967144!4d4.4217921!16s%2Fg%2F11khc3s492!19sChIJCXqhMKL3w0cR1TCi79BFzqc?authuser=0&hl=fr&rclk=1
Franks Dakwerken Antwerpen,"
+32 489 60 50 90","
Auwersstraat 86, 2600 Antwerpen, Belgique","4,8",32.0,https://franksdakwerken.be/,https://www.google.com/maps/place/Franks+Dakwerken+Antwerpen/data=!4m7!3m6!1s0x47c3f761ace251eb:0x93c3e91234c09700!8m2!3d51.1997439!4d4.4254357!16s%2Fg%2F11wqq4d7l5!19sChIJ61HirGH3w0cRAJfANBLpw5M?authuser=0&hl=fr&rclk=1
AA Dakwerken,,"
Kouwerheide 19, 2610 Antwerpen, Belgique","4,9",99.0,https://aa-dakwerken.be/,https://www.google.com/maps/place/AA+Dakwerken/data=!4m7!3m6!1s0x47c3f1467af510dd:0xd89fe8dcea311c71!8m2!3d51.1686257!4d4.3784739!16s%2Fg%2F11c5hj85z4!19sChIJ3RD1ekbxw0cRcRwx6tzon9g?authuser=0&hl=fr&rclk=1
VT Dakwerker Antwerpen,,"
Brusselstraat 51, 2018 Antwerpen, Belgique","5,0",6.0,https://dakwerkerantwerpen.be/,https://www.google.com/maps/place/VT+Dakwerker+Antwerpen/data=!4m7!3m6!1s0x47c3f790261ed22d:0x2b2e7ff79366bef4!8m2!3d51.2019332!4d4.3907519!16s%2Fg%2F11yg1pg371!19sChIJLdIeJpD3w0cR9L5mk_d_Lis?authuser=0&hl=fr&rclk=1
Kerobo,,"
Dolfijnstraat 18, 2018 Antwerpen, Belgique","5,0",22.0,http://www.kerobo.be/,https://www.google.com/maps/place/Kerobo/data=!4m7!3m6!1s0x47c3f73379f12e47:0x169d2de73b057e6d!8m2!3d51.2067981!4d4.4329701!16s%2Fg%2F11tx_yd0qx!19sChIJRy7xeTP3w0cRbX4FO-ctnRY?authuser=0&hl=fr&rclk=1
T-ROOF B.V Dakwerken,"
+32 473 18 67 18","
Van Reyenstraat 26, 2100 Antwerpen, Belgique","4,9",27.0,https://troof.be/,https://www.google.com/maps/place/T-ROOF+B.V+Dakwerken/data=!4m7!3m6!1s0x47c3f787aa9a124d:0xc50d231134da9630!8m2!3d51.2271607!4d4.4603708!16s%2Fg%2F11btvb89gr!19sChIJTRKaqof3w0cRMJbaNBEjDcU?authuser=0&hl=fr&rclk=1
Dakwerken uit antwerpen,,"
Handelstraat 89C, 2060 Antwerpen, Belgique","5,0",4.0,https://dakwerkenuitantwerpen.be/,https://www.google.com/maps/place/Dakwerken+uit+antwerpen/data=!4m7!3m6!1s0x47c3f773087a2333:0xb7ed1ea7f224381f!8m2!3d51.2240849!4d4.4305568!16s%2Fg%2F11z0my530f!19sChIJMyN6CHP3w0cRHzgk8qce7bc?authuser=0&hl=fr&rclk=1
A12 travaux de toiture,,,"5,0",148.0,https://www.a12-dakwerken-antwerpen.be/,https://www.google.com/maps/place/A12+travaux+de+toiture/data=!4m7!3m6!1s0x47c3f6e66a0ba78f:0x3190df5a56c91e88!8m2!3d51.1866473!4d4.3609798!16s%2Fg%2F11b6dpc4cp!19sChIJj6cLaub2w0cRiB7JVlrfkDE?authuser=0&hl=fr&rclk=1
Roofing Service Dakwerken,"
+32 497 30 60 54","
Bethaniënlei 53, 2980 Zoersel, Belgique","4,7",44.0,http://www.roofingservicedakwerken.be/,https://www.google.com/maps/place/Roofing+Service+Dakwerken/data=!4m7!3m6!1s0x47c3f7aeb1a1a227:0xf4701feaca59e302!8m2!3d51.2707498!4d4.6384033!16s%2Fg%2F1td3qnk5!19sChIJJ6Khsa73w0cRAuNZyuofcPQ?authuser=0&hl=fr&rclk=1
Platinum Dakdekkers | Dakdekker Antwerpen,"
+31 85 060 2750","
Sint-Lambertusstraat 22, 2600 Antwerpen, Belgique","4,5",16.0,https://platinum-dakdekkers.nl/,https://www.google.com/maps/place/Platinum+Dakdekkers+%7C+Dakdekker+Antwerpen/data=!4m7!3m6!1s0xa25c630bf733934f:0x404ca020f0f847e7!8m2!3d51.1993192!4d4.4198754!16s%2Fg%2F11wwhj0d1l!19sChIJT5Mz9wtjXKIR50f48CCgTEA?authuser=0&hl=fr&rclk=1
Renewbuild,"
+32 488 10 09 66","
Deurneleitje 10, 2640 Mortsel, Belgique","4,7",26.0,https://www.renewbuild.be/,https://www.google.com/maps/place/Renewbuild/data=!4m7!3m6!1s0x8958d0591f00dcc9:0xcbf4eb039c4a134a!8m2!3d51.1755196!4d4.4446447!16s%2Fg%2F11lw34swpd!19sChIJydwAH1nQWIkRShNKnAPr9Ms?authuser=0&hl=fr&rclk=1
Eco Gevel,"
+32 496 21 44 70","
Boshovestraat 129, 2100 Antwerpen, Belgique","5,0",7.0,https://ecogevel.be/,https://www.google.com/maps/place/Eco+Gevel/data=!4m7!3m6!1s0x47c3f95be9ab442b:0x9ecbab333ee91c77!8m2!3d51.2230966!4d4.4699416!16s%2Fg%2F11ylgcscdp!19sChIJK0Sr6Vv5w0cRdxzpPjOry54?authuser=0&hl=fr&rclk=1
Vision Dakwerken Antwerpen,"
+32 471 64 28 70","
Kattestraat 70, 9150 Beveren-Kruibeke-Zwijndrecht, Belgique","5,0",6.0,https://visiondakwerkenantwerpen.be/,https://www.google.com/maps/place/Vision+Dakwerken+Antwerpen/data=!4m7!3m6!1s0x47c3f3161f1236f7:0x68df05d89500d8a4!8m2!3d51.1721043!4d4.3053751!16s%2Fg%2F11yrty8pq6!19sChIJ9zYSHxbzw0cRpNgAldgF32g?authuser=0&hl=fr&rclk=1
Dakwerken & Gevelwerken – Grava Group - gevelisolatie crepi spuitkurk,"
+32 15 48 54 68","
Sneeuwbeslaan 14, 2610 Antwerpen, Belgique","4,7",44.0,https://gravagroup.be/,https://www.google.com/maps/place/Dakwerken+%26+Gevelwerken+%E2%80%93+Grava+Group+-+gevelisolatie+crepi+spuitkurk/data=!4m7!3m6!1s0x47c3f180e27e0655:0x6ae7790890e1b7f4!8m2!3d51.1747359!4d4.399408!16s%2Fg%2F11x2jrr01x!19sChIJVQZ-4oDxw0cR9LfhkAh552o?authuser=0&hl=fr&rclk=1
Biwaco,"
+32 486 14 83 34","
Biekorfstraat 114, 2060 Antwerpen, Belgique","5,0",24.0,http://biwaco.be/,https://www.google.com/maps/place/Biwaco/data=!4m7!3m6!1s0x47c3f73c8489db09:0xbe0c65ff8b10460e!8m2!3d51.2282451!4d4.4275504!16s%2Fg%2F11t9v391xx!19sChIJCduJhDz3w0cRDkYQi_9lDL4?authuser=0&hl=fr&rclk=1
Tectum Roofcomfort,"
+32 2 253 11 53","
Boombekelaan 6, 2660 Antwerpen, Belgique","4,5",12.0,https://www.tectumgroup.be/,https://www.google.com/maps/place/Tectum+Roofcomfort/data=!4m7!3m6!1s0x47c3f3f48d60fbb1:0x9695de5685ae2946!8m2!3d51.1807167!4d4.3433728!16s%2Fg%2F1tmpv452!19sChIJsftgjfTzw0cRRimuhVbelZY?authuser=0&hl=fr&rclk=1
Future Build,,"
Godshuisstraat 54, 2610 Antwerpen, Belgique",,,https://future-build.be/,https://www.google.com/maps/place/Future+Build/data=!4m7!3m6!1s0x47c3f19382f57c99:0xfecf4d8165250d60!8m2!3d51.1723827!4d4.4035532!16s%2Fg%2F11yrgzpp3l!19sChIJmXz1gpPxw0cRYA0lZYFNz_4?authuser=0&hl=fr&rclk=1
Prestige Habitat roofworks SRL,"
+32 2 318 85 20","
Watertorenlaan 14, 1930 Zaventem, Belgique","5,0",69.0,https://prestige-habitat-roofworks.be/,https://www.google.com/maps/place/Prestige+Habitat+roofworks+SRL/data=!4m7!3m6!1s0x47c3ddba1a6e10af:0x948ac10b6f64303c!8m2!3d50.886029!4d4.471771!16s%2Fg%2F11xt317hk9!19sChIJrxBuGrrdw0cRPDBkbwvBipQ?authuser=0&hl=fr&rclk=1
VDK Dakwerken,"
+32 497 99 88 12","
Kersbeekstraat 21, 2060 Antwerpen, Belgique","5,0",28.0,http://vdkdakwerken.be/,https://www.google.com/maps/place/VDK+Dakwerken/data=!4m7!3m6!1s0x47c6b12897505089:0x48b192ac6d2b3a45!8m2!3d51.2211168!4d4.4387712!16s%2Fg%2F1th86bgb!19sChIJiVBQlyixxkcRRTorbaySsUg?authuser=0&hl=fr&rclk=1
Rietconcept,"
+32 491 08 56 82","
Schagendreef 38, 2930 Brasschaat, Belgique","4,9",9.0,https://antwerproofexpert.be/,https://www.google.com/maps/place/Rietconcept/data=!4m7!3m6!1s0x47c3ffae7cc05a4d:0x2c03459f0370b8fe!8m2!3d51.3106593!4d4.4907996!16s%2Fg%2F11h6r2nng1!19sChIJTVrAfK7_w0cR_rhwA59FAyw?authuser=0&hl=fr&rclk=1
Antwerps Atelier bv,"
+32 484 15 83 83","
Dries 52, 2000 Antwerpen, Belgique","4,0",10.0,http://www.antwerpsatelier.be/,https://www.google.com/maps/place/Antwerps+Atelier+bv/data=!4m7!3m6!1s0x47c3f6fdd4aeac87:0xe97b2b985dcdfb14!8m2!3d51.2242818!4d4.4030058!16s%2Fg%2F1pxw7rplp!19sChIJh6yu1P32w0cRFPvNXZgre-k?authuser=0&hl=fr&rclk=1
Roof GV BVBA,,"
Van der Delftstraat 9, 2100 Antwerpen, Belgique","5,0",1.0,http://www.qforte.be/,https://www.google.com/maps/place/Roof+GV+BVBA/data=!4m7!3m6!1s0x47c3f7a06aece9e9:0x80679a2385469d40!8m2!3d51.2222197!4d4.4409827!16s%2Fg%2F11cnc5d101!19sChIJ6ensaqD3w0cRQJ1GhSOaZ4A?authuser=0&hl=fr&rclk=1
Antwerpse Dakwerken Bvba,"
+32 3 366 32 00","
Smallandlaan 29, 2660 Antwerpen, Belgique","4,6",22.0,https://www.antwerpsedakwerken.be/,https://www.google.com/maps/place/Antwerpse+Dakwerken+Bvba/data=!4m7!3m6!1s0x47c3f743fb640d47:0x766ff6c8ac6c4131!8m2!3d51.1824799!4d4.3405581!16s%2Fg%2F11bzx52nfs!19sChIJRw1k-0P3w0cRMUFsrMj2b3Y?authuser=0&hl=fr&rclk=1
Dakwerken Van der Vorst,"
+32 483 05 97 33","
Verbindingslaan 38, 2150 Antwerpen, Belgique","4,9",48.0,https://vdvdakwerken.be/,https://www.google.com/maps/place/Dakwerken+Van+der+Vorst/data=!4m7!3m6!1s0x47c3f9c25dfa835b:0x2a885c177aeb6950!8m2!3d51.1998405!4d4.481082!16s%2Fg%2F11h3tjk21r!19sChIJW4P6XcL5w0cRUGnrehdciCo?authuser=0&hl=fr&rclk=1
Solar Power Systems,,"
Abtsdreef 143/A6, 2940 Stabroek, Belgique","4,7",279.0,,https://www.google.com/maps/place/Solar+Power+Systems/data=!4m7!3m6!1s0x47c3f815bb10155b:0xec38cf12a2be02ad!8m2!3d51.336614!4d4.355117!16s%2Fg%2F1tf7fv60!19sChIJWxUQuxX4w0cRrQK-ohLPOOw?authuser=0&hl=fr&rclk=1
MS Energy Solutions,,"
Middelmolenlaan 20, 2100 Antwerpen, Belgique","4,8",33.0,http://www.ms-energysolutions.be/,https://www.google.com/maps/place/MS+Energy+Solutions/data=!4m7!3m6!1s0x47c3f73a9676abc3:0x21572935e85f0d42!8m2!3d51.2370888!4d4.4755701!16s%2Fg%2F11js9h6xlr!19sChIJw6t2ljr3w0cRQg1f6DUpVyE?authuser=0&hl=fr&rclk=1
Global Solar,,"
Noorderlaan 109, 2030 Antwerpen, Belgique","4,6",44.0,https://globalsolar.be/,https://www.google.com/maps/place/Global+Solar/data=!4m7!3m6!1s0x418627f9e9c608c3:0xb2df42ff01b7315c!8m2!3d51.2616507!4d4.4183922!16s%2Fg%2F11vl7kkm68!19sChIJwwjG6fknhkERXDG3Af9C37I?authuser=0&hl=fr&rclk=1
Zon & Dak,,"
Ankerrui 22, 2000 Antwerpen, Belgique","4,0",80.0,https://www.zonendak.be/,https://www.google.com/maps/place/Zon+%26+Dak/data=!4m7!3m6!1s0xa31608b8c5cec991:0xc7c46783d3cccdff!8m2!3d51.2267941!4d4.4115679!16s%2Fg%2F11swcl6kj9!19sChIJkcnOxbgIFqMR_83M04NnxMc?authuser=0&hl=fr&rclk=1
Svea Solar,,"
Mastboomstraat 12, 2630 Aartselaar, Belgique","4,2",178.0,https://sveasolar.be/,https://www.google.com/maps/place/Svea+Solar/data=!4m7!3m6!1s0x47c3f7f430a7c821:0x3dceec762116c183!8m2!3d51.146331!4d4.3864529!16s%2Fg%2F11m46jfbxt!19sChIJIcinMPT3w0cRg8EWIXbszj0?authuser=0&hl=fr&rclk=1
Soly Belgie,,"
Frankrijklei 119, 2000 Antwerpen, Belgique","2,9",88.0,https://soly.be/,https://www.google.com/maps/place/Soly+Belgie/data=!4m7!3m6!1s0x47c3f7aee73fe38f:0x3f3d0108c4a28a1!8m2!3d51.2119653!4d4.4100343!16s%2Fg%2F11rz3ry3ty!19sChIJj-M_5673w0cRoShKjBDQ8wM?authuser=0&hl=fr&rclk=1
RENO-NRG,,"
Kloosterstraat 99, 2000 Antwerpen, Belgique","5,0",4.0,https://www.reno-nrg.be/,https://www.google.com/maps/place/RENO-NRG/data=!4m7!3m6!1s0xa36ba4b65bf8d903:0x945c6c84a0b58300!8m2!3d51.2148602!4d4.3945794!16s%2Fg%2F11w9fh3gc0!19sChIJA9n4W7aka6MRAIO1oIRsXJQ?authuser=0&hl=fr&rclk=1
MR Group,,,"4,7",140.0,https://www.mrsolar.be/particulier/,https://www.google.com/maps/place/MR+Group/data=!4m7!3m6!1s0x47c3f7ba05d2c739:0x2834725cb0801e45!8m2!3d51.081498!4d4.470473!16s%2Fg%2F11fmvdf6yv!19sChIJOcfSBbr3w0cRRR6AsFxyNCg?authuser=0&hl=fr&rclk=1
SOLAR WAASLAND BV,"
+32 3 219 02 52","
Schaarbeekstraat 20, 9120 Beveren-Kruibeke-Zwijndrecht, Belgique","5,0",130.0,https://solarwaasland.be/,https://www.google.com/maps/place/SOLAR+WAASLAND+BV/data=!4m7!3m6!1s0x2b7f035a213c6a57:0x73ef79ff5b6f1b1b!8m2!3d51.1982651!4d4.3102365!16s%2Fg%2F11vs98rkq6!19sChIJV2o8IVoDfysRGxtvW_9573M?authuser=0&hl=fr&rclk=1
PVA Energy,"
+32 3 336 78 79","
N11, 2180 Antwerpen, Belgique","4,0",1.0,http://www.pva-energy.be/,https://www.google.com/maps/place/PVA+Energy/data=!4m7!3m6!1s0x47c4084548fd586f:0x39328f7bf1988a0f!8m2!3d51.2938825!4d4.442782!16s%2Fg%2F11h0qb88p!19sChIJb1j9SEUIxEcRD4qY8XuPMjk?authuser=0&hl=fr&rclk=1
Ensys,,"
Lieven Gevaertstraat 1C, 2950 Kapellen, Belgique","4,9",482.0,https://ensys.be/,https://www.google.com/maps/place/Ensys/data=!4m7!3m6!1s0x47c40be8ccebf665:0xa5bd66ef0c6c12f3!8m2!3d51.2999409!4d4.4365131!16s%2Fg%2F11b6p911rz!19sChIJZfbrzOgLxEcR8xJsDO9mvaU?authuser=0&hl=fr&rclk=1
Solarunity bv,"
+32 479 64 08 44","
Richard Orlentstraat 113, 2070 Beveren-Kruibeke-Zwijndrecht, Belgique","5,0",18.0,https://www.solarunity.eu/,https://www.google.com/maps/place/Solarunity+bv/data=!4m7!3m6!1s0x47c3f52ad78c0651:0x213f41291953b9e2!8m2!3d51.2221719!4d4.3211153!16s%2Fg%2F11n145nw7x!19sChIJUQaM1yr1w0cR4rlTGSlBPyE?authuser=0&hl=fr&rclk=1
ECOnics,"
+31 6 16120380","
Vestinglaan 57, 2650 Edegem, Belgique","4,8",25.0,http://www.econics.be/,https://www.google.com/maps/place/ECOnics/data=!4m7!3m6!1s0x47c3f12899c9f40d:0xc101a96a7ea27670!8m2!3d51.1686157!4d4.4324079!16s%2Fg%2F11kj0c42jz!19sChIJDfTJmSjxw0cRcHaifmqpAcE?authuser=0&hl=fr&rclk=1
Power Company,"
+32 485 48 04 09","
Nijverheidsstraat 70, 2160 Wommelgem, Belgique","5,0",32.0,http://www.powercompany.be/,https://www.google.com/maps/place/Power+Company/data=!4m7!3m6!1s0x47c3f760e9eaf501:0xffeccdf771964619!8m2!3d51.2106386!4d4.510339!16s%2Fg%2F11h3tjln_v!19sChIJAfXq6WD3w0cRGUaWcffN7P8?authuser=0&hl=fr&rclk=1
Groenhuis Energie,"
+32 3 314 05 66","
Paulus Beyestraat 39, 2100 Antwerpen, Belgique","5,0",39.0,https://groenhuisenergie.be/,https://www.google.com/maps/place/Groenhuis+Energie/data=!4m7!3m6!1s0x2dab00180f3f613d:0x82c1dda66b8182d3!8m2!3d51.2243938!4d4.4675665!16s%2Fg%2F11wr9rbr1c!19sChIJPWE_DxgAqy0R04KBa6bdwYI?authuser=0&hl=fr&rclk=1
One Solar,,"
Nieuwlandstraat 2/F1, 9120 Beveren-Kruibeke-Zwijndrecht, Belgique","4,6",36.0,http://www.onesolar.be/,https://www.google.com/maps/place/One+Solar/data=!4m7!3m6!1s0x47c3f5e65fb573af:0x994a759c59184ebe!8m2!3d51.2068026!4d4.3149438!16s%2Fg%2F11pzgt41cy!19sChIJr3O1X-b1w0cRvk4YWZx1Spk?authuser=0&hl=fr&rclk=1
de Zonnebroeders,"
+32 3 331 33 69","
Ter Stratenweg 44J, 2520 Antwerpen, Belgique","4,9",188.0,http://zonnebroeders.be/,https://www.google.com/maps/place/de+Zonnebroeders/data=!4m7!3m6!1s0x47c3f7c4d2280c6f:0x969f0f1561fa9222!8m2!3d51.2094209!4d4.581454!16s%2Fg%2F11jjrykhdk!19sChIJbwwo0sT3w0cRIpL6YRUPn5Y?authuser=0&hl=fr&rclk=1
Enervia,"
+32 3 808 86 66","
Mechelsesteenweg 472, 2650 Edegem, Belgique","4,9",19.0,http://www.enervia.be/,https://www.google.com/maps/place/Enervia/data=!4m7!3m6!1s0x47c3f16575909ce7:0xb0798da2c796f284!8m2!3d51.163634!4d4.4556072!16s%2Fg%2F11yll24t25!19sChIJ55yQdWXxw0cRhPKWx6KNebA?authuser=0&hl=fr&rclk=1
E-Activ | Facade & Skylight Systems,"
+32 3 377 98 60","
Borsbeeksebrug 34/1, 2600 Antwerpen, Belgique","5,0",1.0,https://e-activ.be/,https://www.google.com/maps/place/E-Activ+%7C+Facade+%26+Skylight+Systems/data=!4m7!3m6!1s0x47c3f7ef114e58d9:0x69a8f8f148764e09!8m2!3d51.2002643!4d4.4342643!16s%2Fg%2F11jt3scycv!19sChIJ2VhOEe_3w0cRCU52SPH4qGk?authuser=0&hl=fr&rclk=1
DADO SYSTEMS,"
+32 476 60 54 82","
Galliardstraat 42, 2610 Antwerpen, Belgique","5,0",18.0,http://www.dadosystems.com/,https://www.google.com/maps/place/DADO+SYSTEMS/data=!4m7!3m6!1s0x47c3f13a0d44f835:0x1b62f59ff33c73a6!8m2!3d51.17234!4d4.4306666!16s%2Fg%2F1tf237hz!19sChIJNfhEDTrxw0cRpnM885_1Yhs?authuser=0&hl=fr&rclk=1
Bentech,"
+32 3 230 11 32","
Frankrijklei 84, 2000 Antwerpen, Belgique","5,0",46.0,https://bentech-elektriciteit.be/,https://www.google.com/maps/place/Bentech/data=!4m7!3m6!1s0x47c3f7fd0c3dc8a1:0x4aad20471bea4170!8m2!3d51.2160091!4d4.4135459!16s%2Fg%2F11tgfpllx6!19sChIJocg9DP33w0cRcEHqG0cgrUo?authuser=0&hl=fr&rclk=1
Brabo Technics,"
+32 3 247 89 12","
Vlaamsekaai 90, 2000 Antwerpen, Belgique","4,8",85.0,https://www.brabotechnics.be/,https://www.google.com/maps/place/Brabo+Technics/data=!4m7!3m6!1s0x47c3f6948ff55059:0x7b58dde0699cb679!8m2!3d51.2067184!4d4.3871961!16s%2Fg%2F11c0ttrnsf!19sChIJWVD1j5T2w0cRebacaeDdWHs?authuser=0&hl=fr&rclk=1
Green Energy Comfort,,"
Hovesesteenweg 114, 2530 Boechout, Belgique","4,9",19.0,http://www.greenenergycomfort.com/,https://www.google.com/maps/place/Green+Energy+Comfort/data=!4m7!3m6!1s0x47c3fbd6bbd54937:0x361f4667eff7c2b2!8m2!3d51.1570729!4d4.4850702!16s%2Fg%2F11h3qq3ngd!19sChIJN0nVu9b7w0cRssL372dGHzY?authuser=0&hl=fr&rclk=1
ERRA electronics & domotica,"
+32 489 12 22 01","
Borsbeeksesteenweg 72, 2100 Antwerpen, Belgique","4,9",15.0,https://www.erra-electronics-domotica.be/,https://www.google.com/maps/place/ERRA+electronics+%26+domotica/data=!4m7!3m6!1s0x47c3f9a9aab995fb:0xae7e81afd6f15f49!8m2!3d51.1944378!4d4.4703189!16s%2Fg%2F11x8g79_6g!19sChIJ-5W5qqn5w0cRSV_x1q-Bfq4?authuser=0&hl=fr&rclk=1
TVDA Technics - Erkend installateur zonnepanelen,"
+32 499 98 51 61","
Rodeborgstraat 19, 2900 Schoten, Belgique","4,9",32.0,https://www.tvda-technics.be/,https://www.google.com/maps/place/TVDA+Technics+-+Erkend+installateur+zonnepanelen/data=!4m7!3m6!1s0xa3aa66ee2a7bc8af:0x1b5d4b7ad7fd7b7a!8m2!3d51.2538304!4d4.49846!16s%2Fg%2F11spkb5msw!19sChIJr8h7Ku5mqqMRenv913pLXRs?authuser=0&hl=fr&rclk=1
Renovibe AG,"
+32 487 31 78 67","
Van Dornestraat 42, 2100 Antwerpen, Belgique","4,9",66.0,https://www.renovibe-ag.be/,https://www.google.com/maps/place/Renovibe+AG/data=!4m7!3m6!1s0x47c3f7c3af4b44af:0x7790ab1c59f835a9!8m2!3d51.2312253!4d4.4546919!16s%2Fg%2F11vd894qf5!19sChIJr0RLr8P3w0cRqTX4WRyrkHc?authuser=0&hl=fr&rclk=1
